entity_id,metric,declared_value,source
bel,investigation_coverage,96.4,self-assessment (synthetic)
bel,escalation_rate,88.7,self-assessment (synthetic)
bel,response_coverage,95.3,self-assessment (synthetic)
bel,monitoring_coverage,100.0,self-assessment (synthetic)
bel,evidence_completeness,99.4,self-assessment (synthetic)
bhel,investigation_coverage,95.8,self-assessment (synthetic)
bhel,escalation_rate,94.7,self-assessment (synthetic)
bhel,response_coverage,94.6,self-assessment (synthetic)
bhel,monitoring_coverage,100.0,self-assessment (synthetic)
bhel,evidence_completeness,94.4,self-assessment (synthetic)
bpcl,investigation_coverage,94.2,self-assessment (synthetic)
bpcl,escalation_rate,96.3,self-assessment (synthetic)
bpcl,response_coverage,94.1,self-assessment (synthetic)
bpcl,monitoring_coverage,100.0,self-assessment (synthetic)
bpcl,evidence_completeness,98.6,self-assessment (synthetic)
coal,investigation_coverage,97.9,self-assessment (synthetic)
coal,escalation_rate,95.4,self-assessment (synthetic)
coal,response_coverage,94.3,self-assessment (synthetic)
coal,monitoring_coverage,100.0,self-assessment (synthetic)
coal,evidence_completeness,95.2,self-assessment (synthetic)
cpa,investigation_coverage,95.0,self-assessment (synthetic)
cpa,escalation_rate,95.1,self-assessment (synthetic)
cpa,response_coverage,93.1,self-assessment (synthetic)
cpa,monitoring_coverage,100.0,self-assessment (synthetic)
cpa,evidence_completeness,95.1,self-assessment (synthetic)
das,investigation_coverage,98.2,self-assessment (synthetic)
das,escalation_rate,98.7,self-assessment (synthetic)
das,response_coverage,98.1,self-assessment (synthetic)
das,monitoring_coverage,100.0,self-assessment (synthetic)
das,evidence_completeness,94.5,self-assessment (synthetic)
epl,investigation_coverage,93.8,self-assessment (synthetic)
epl,escalation_rate,95.5,self-assessment (synthetic)
epl,response_coverage,100.0,self-assessment (synthetic)
epl,monitoring_coverage,100.0,self-assessment (synthetic)
epl,evidence_completeness,97.7,self-assessment (synthetic)
gail,investigation_coverage,98.0,self-assessment (synthetic)
gail,escalation_rate,96.9,self-assessment (synthetic)
gail,response_coverage,97.7,self-assessment (synthetic)
gail,monitoring_coverage,100.0,self-assessment (synthetic)
gail,evidence_completeness,97.4,self-assessment (synthetic)
hal,investigation_coverage,97.5,self-assessment (synthetic)
hal,escalation_rate,84.9,self-assessment (synthetic)
hal,response_coverage,83.7,self-assessment (synthetic)
hal,monitoring_coverage,100.0,self-assessment (synthetic)
hal,evidence_completeness,100.0,self-assessment (synthetic)
hpcl,investigation_coverage,96.9,self-assessment (synthetic)
hpcl,escalation_rate,95.1,self-assessment (synthetic)
hpcl,response_coverage,98.9,self-assessment (synthetic)
hpcl,monitoring_coverage,100.0,self-assessment (synthetic)
hpcl,evidence_completeness,94.1,self-assessment (synthetic)
iocl,investigation_coverage,96.0,self-assessment (synthetic)
iocl,escalation_rate,95.8,self-assessment (synthetic)
iocl,response_coverage,96.1,self-assessment (synthetic)
iocl,monitoring_coverage,100.0,self-assessment (synthetic)
iocl,evidence_completeness,97.1,self-assessment (synthetic)
mazagon,investigation_coverage,93.2,self-assessment (synthetic)
mazagon,escalation_rate,97.1,self-assessment (synthetic)
mazagon,response_coverage,97.6,self-assessment (synthetic)
mazagon,monitoring_coverage,100.0,self-assessment (synthetic)
mazagon,evidence_completeness,95.6,self-assessment (synthetic)
mbc,investigation_coverage,97.0,self-assessment (synthetic)
mbc,escalation_rate,99.0,self-assessment (synthetic)
mbc,response_coverage,95.7,self-assessment (synthetic)
mbc,monitoring_coverage,100.0,self-assessment (synthetic)
mbc,evidence_completeness,99.8,self-assessment (synthetic)
neg,investigation_coverage,95.2,self-assessment (synthetic)
neg,escalation_rate,93.4,self-assessment (synthetic)
neg,response_coverage,94.8,self-assessment (synthetic)
neg,monitoring_coverage,97.9,self-assessment (synthetic)
neg,evidence_completeness,98.5,self-assessment (synthetic)
npg,investigation_coverage,92.7,self-assessment (synthetic)
npg,escalation_rate,83.1,self-assessment (synthetic)
npg,response_coverage,82.8,self-assessment (synthetic)
npg,monitoring_coverage,100.0,self-assessment (synthetic)
npg,evidence_completeness,95.5,self-assessment (synthetic)
ntpc,investigation_coverage,94.0,self-assessment (synthetic)
ntpc,escalation_rate,95.6,self-assessment (synthetic)
ntpc,response_coverage,95.4,self-assessment (synthetic)
ntpc,monitoring_coverage,100.0,self-assessment (synthetic)
ntpc,evidence_completeness,99.0,self-assessment (synthetic)
nts,investigation_coverage,96.3,self-assessment (synthetic)
nts,escalation_rate,97.3,self-assessment (synthetic)
nts,response_coverage,93.1,self-assessment (synthetic)
nts,monitoring_coverage,100.0,self-assessment (synthetic)
nts,evidence_completeness,98.9,self-assessment (synthetic)
ongc,investigation_coverage,91.6,self-assessment (synthetic)
ongc,escalation_rate,83.5,self-assessment (synthetic)
ongc,response_coverage,92.0,self-assessment (synthetic)
ongc,monitoring_coverage,100.0,self-assessment (synthetic)
ongc,evidence_completeness,93.3,self-assessment (synthetic)
pgcil,investigation_coverage,91.2,self-assessment (synthetic)
pgcil,escalation_rate,84.2,self-assessment (synthetic)
pgcil,response_coverage,92.9,self-assessment (synthetic)
pgcil,monitoring_coverage,100.0,self-assessment (synthetic)
pgcil,evidence_completeness,98.0,self-assessment (synthetic)
rail,investigation_coverage,94.6,self-assessment (synthetic)
rail,escalation_rate,98.4,self-assessment (synthetic)
rail,response_coverage,93.5,self-assessment (synthetic)
rail,monitoring_coverage,100.0,self-assessment (synthetic)
rail,evidence_completeness,98.8,self-assessment (synthetic)
sgc,investigation_coverage,94.9,self-assessment (synthetic)
sgc,escalation_rate,97.6,self-assessment (synthetic)
sgc,response_coverage,96.8,self-assessment (synthetic)
sgc,monitoring_coverage,100.0,self-assessment (synthetic)
sgc,evidence_completeness,98.8,self-assessment (synthetic)
